date,time,company,title,url
2026-02-11,02:10,エアークローゼット,エアークローゼットが国内最大級の婚活サービスIBJと、パーソナルスタイリングによる婚活支援で協業を開始,https://prtimes.jp/main/html/rd/p/000000264.000011623.html
2026-02-11,02:10,サンユインダストリアル,サンユインダストリアル、イタリア拠点に「multibook」導入で月末集計作業を約80％削減,https://prtimes.jp/main/html/rd/p/000000245.000015843.html
2026-02-11,02:10,Aivon Ltd.,Aivon Ltd.の極低温測定機器を日本市場へ正式提供開始 - 研究開発現場の精度・効率向上を支援！,https://prtimes.jp/main/html/rd/p/000000038.000097250.html
2026-02-11,02:10,CommerceXホールディングス,CommerceXホールディングス、食品ロス削減ショップ「ecoeat」運営の株式会社グッディアをM&Aで経営統合,https://prtimes.jp/main/html/rd/p/000000004.000171108.html
2026-02-11,02:10,決裁者マッチング支援,決裁者マッチング支援のオンリーストーリー、業界1社限定で支援する最上位プラン「VIPプラン」を新たに提供開始！　株式会社コミクス様が第一号のお客様に！,https://prtimes.jp/main/html/rd/p/000000397.000015335.html
2026-02-11,02:10,Channel Corporationと,Channel CorporationとZETA、生成AI領域における業務提携および「チャネルトーク」と「ZETA CXシリーズ」のサービス連携を開始,https://prtimes.jp/main/html/rd/p/000000146.000029184.html
2026-02-11,02:10,建設DX  2026年2月10日 大型ダ,【建設DX】【2026年2月10日】大型ダンプマッチングサービス「Dumps（ダンプス）」 βテスト版をローンチしました。,https://prtimes.jp/main/html/rd/p/000000002.000177699.html
2026-02-11,02:10,社内,社内の「質問できない」を仕組みで解決。AIエージェント「GenAi WorkAgent」提供開始,https://prtimes.jp/main/html/rd/p/000000015.000118664.html
2026-02-11,02:10,うち,「うちの宿にロボットを導入したら、こう変わった！」～宿泊施設のリアルな導入事例と費用を解説するセミナーを開催します！～,https://prtimes.jp/main/html/rd/p/000006445.000052467.html
2026-02-11,02:10,TAIMATSU株式会社,TAIMATSU株式会社、東京活動写真を「TAIMATSU STUDIO株式会社」として子会社に迎え新たな事業展開へ,https://prtimes.jp/main/html/rd/p/000000023.000155812.html
2026-02-11,02:10,ロードサイド飲食店業界初※デジタルサイネ,ロードサイド飲食店業界初※デジタルサイネージによる渋滞解決ソリューションを導入,https://prtimes.jp/main/html/rd/p/000000001.000177521.html
2026-02-11,02:10,M&A支援ノウハウをまとめた 事業承継『,M&A支援ノウハウをまとめた「事業承継『M&A』支援教材（上級編）」の動画配信を開始,https://prtimes.jp/main/html/rd/p/000001854.000021609.html
2026-02-11,02:10,BEYOND AGE,BEYOND AGE、フードロス解決を目指す「うちのや株式会社」へ出資を実施,https://prtimes.jp/main/html/rd/p/000000021.000129363.html
2026-02-11,02:10,士業,士業の専門性と価値を「人材シェア」で最大化する,https://prtimes.jp/main/html/rd/p/000000011.000153661.html
2026-02-11,02:10,参加募集中  2/18(水) 映画業界 ,【参加募集中】 2/18(水)「映画業界」攻略セミナー（VIPOアカデミー「業界研究ベーシックコース」単発受講）開催,https://prtimes.jp/main/html/rd/p/000000234.000103029.html
2026-02-11,02:10,開催報告 約160名,【開催報告】約160名が集結、2026年 賀詞交歓会を開催海外拠点・新プロジェクト発表で次なる連携,https://prtimes.jp/main/html/rd/p/000000012.000161515.html
2026-02-11,02:10,起業プラザひょうご姫路 × 01Boos,起業プラザひょうご姫路 × 01Booster、地域中小企業向け新規事業セミナーを姫路で開催― 地域中小企業向け「新規事業・オープンイノベーション」の考え方を解説 - 時事ドットコム,https://news.google.com/rss/articles/CBMia0FVX3lxTE9PRElsanVuRElSLXZBUGF4S3dUb0x3dEdyMVA2MW9ucV9MNkV5dUFWbktWU0FtZlZmc0RiakpUVmNSYUM0YWxTV2J1am1pbDZoOE9IaW5WVFFvSlR4WUUwQV9fNEduTm5PR1FF?oc=5
2026-02-11,02:10,事業開発を“物語”で学ぶ研修  フューチ,事業開発を“物語”で学ぶ研修 「フューチャー・ストーリー」を法人向けに提供開始。 無料体験会を11月開催 - newscast.jp,https://news.google.com/rss/articles/CBMiT0FVX3lxTE0xUFgtZEN5dEs1WFQtUUpKZnBOcG5WVWhFVWlrZXdMbTNlTURwUVFpR1EyV0NhY1UwR3JnUVhHalp2VTJVeS1zRDdLcU5kMDQ?oc=5
2026-02-11,02:10,法人向け新規事業開始意欲分析AIエージェ,法人向け新規事業開始意欲分析AIエージェント「Metareal ビズスタート(Metareal BZ)」プレミアムプラン10/21提供開始 - PR TIMES,https://news.google.com/rss/articles/CBMiakFVX3lxTE1TWk15ZXJWblBLSE9sbU1tM05xNEpBNDA3amlUbFJGcTVHZFJYa1ljYjRfdEJFLTdUOWtsTzN4Wjc3dWFyZkloV0todDh4Mk1lcW1FdVozMU83a3lia04yYmhsb0dNeWRPblE?oc=5
2026-02-11,02:10,おいしいを大切にしてきた創業124年,おいしいを大切にしてきた創業124年の新宿中村屋が届ける新規事業法人向けオフィス常設型の社食サービス「Office Stand By You」～2025年11月本格提供開始～ - PR TIMES,https://news.google.com/rss/articles/CBMiakFVX3lxTE9fZS00LVUxMFZrZE92N1RWMGxhXzNxNnFMZHlDcGE4eXJBdm0wU19Dd0c4RVdQSUxJXzlyOXFIekRiLWhHLUNRbHlBMlJ6TkduSjVYaXpvMXF0cjdZNEc2UEdqZ05rZC1KUWc?oc=5
2026-02-11,02:10,事業者向けプレミアムビジネス講座Edge,事業者向けプレミアムビジネス講座Edge「CEATEC 2025」に出展 〜テレビ局発、新規事業を「学び」「生み出し」「育て」「広げる」プラットフォーム〜 | 東海テレビ放送株式会社のプレスリリース - PR TIMES,https://news.google.com/rss/articles/CBMiakFVX3lxTFBXT1FwdVNBYzEtZmRfY3FPT3F2bXN6dkl3VW5YWnozYjFDRnQ1amNZX1B3enYwTF84cFNyVm5rd2pBWHVRcGk4TWdUQlhwb0UwTmp5WGRncnd6c181a3hFTTBqTXBXV0hvc1E?oc=5
2026-02-11,02:10,新規事業を生み出す鍵 東海テレビプレミア,【新規事業を生み出す鍵】東海テレビプレミアムビジネススクール「Edge」TECH BEAT Shizuoka 2025に出展決定！〜テレビ局発の新規事業支援プログラムが静岡での共創の場に登場〜 | 東海テレビ放送株式会社のプレスリリース - PR TIMES,https://news.google.com/rss/articles/CBMiakFVX3lxTFBESzh6b24zWXVaVGVOcGVZekVHZlhSZFhXcldmVDVGWkw3Wk5CdFdUZkExb3VESDhjcUN3LXNvLWRod0VteW1Gek1UbHBRRVVUOW5jbWFnZE5MekQ3VExvemR2Q244Y0pqUlE?oc=5
2026-02-11,02:10,株式会社YOUTRUST,株式会社YOUTRUST、労働生産性を上げる2つの企業向け新ソリューションを提供開始 - PR TIMES,https://news.google.com/rss/articles/CBMiakFVX3lxTE1meXZFY01URHhUTVZVZHp4TDNFQldmQ1RBSTZLR3lUeGhPdDYxYUxfbG5xU0w2UXBYXzd1ZjBaN2RmaUZYQjkwaTZzMm5RUUxRenlIRzZwOUt4WTlqUXZvX2pKMUdIaEFNVmc?oc=5
2026-02-11,02:10,ジーズ,ジーズの法人向け新プログラム「DX推進リーダー養成講座」を提供開始 - PR TIMES,https://news.google.com/rss/articles/CBMiakFVX3lxTFA1Q2dJOW9iM2xYenpuWl96NzQyWjlrZ1NickIyNElxamV2aXlXNWdRUTQ5czlzMnFOUlhsc2E4ZXpCeDhCZjh3T2dRYmh2eXBxQVl4emI4T0pOWFdka21WWjJUZVRQbktVT2c?oc=5
2026-02-11,02:10,新規事業担当者必見 東海テレビプレミアム,【新規事業担当者必見】東海テレビプレミアムビジネス講座「Edge」がNAGOYA CONNÉCTとコラボ！—メディア×新規事業の未来を語る - PR TIMES,https://news.google.com/rss/articles/CBMiakFVX3lxTFBDYnpKTm13SS13OVNuZXBoZ2xPcjVJTWpLRlJ3QUxoSk14SkFOeVlvLW56RDZIcmhEdzdPM21oVHdxaHQxWUJjeU5UMmdXckFxejRQOERQdXkxOFdKZmxHM2NDdHBnNmF4bWc?oc=5
2026-02-11,02:10,新事業へ,新事業への投資を最大9000万円補助する「中小企業新事業進出補助金」とは？ - ネットショップ担当者フォーラム,https://news.google.com/rss/articles/CBMiUkFVX3lxTFA3cS13TlJXRkVQaEJOUWdBdXFGME5JMzVlM0RWc1dqUExuS0F6UEs0dUVUdm84QU9kMlZ2OFFnR04zMzEySW1NU1l5dlhMa2JnSFE?oc=5
2026-02-11,02:10,JCBとマネーフォワードエックス,JCBとマネーフォワードエックス、金融機関の法人顧客向け新規事業共創を開始 - 株式会社マネーフォワード,https://news.google.com/rss/articles/CBMie0FVX3lxTE54WE9LSnAtQVFhUFhRZDJocW5oMkk4NHFhYTlCMjZLSnFsN0VkOUxvanVkWXBzczh6U2FoenY2dDV0LWJrRk5feHdYRlFPYWRMZ25aMEpSdUN0TUpsWXJiZjRrQzI5NHhscERHLWpvWmcxRmxBZjJLUHNLaw?oc=5
2026-02-11,02:10,JCB,JCB、オリコ、マネーフォワードエックスが法人向け事業で業務提携 - 株式会社マネーフォワード,https://news.google.com/rss/articles/CBMie0FVX3lxTE9JOVVGSUxqLURFS0dNOGtnelBkOFNZY1NHTERHUndCU2dPY1l2M2lFQXpUcU1wV2RQSUFuN1JSSXZxcnF3d0dZOE9VVjlicEpVZDlLS3pVLXpjUnVPVmgxX0NrcWFIdmdWSW1OY25nNE13Nzl4bVd3eG9acw?oc=5
2026-02-11,02:10,法人向け新規事業として,法人向け新規事業としての軽貨物事業の市場分析と将来性｜川上絢一郎 - mbp-japan.com,https://news.google.com/rss/articles/CBMiakFVX3lxTE5ZTHNUSWgxSmJKWVNqQ2VHamVOdldjRmltQ1N1aElCZTMxUnY2ZGtybUpoalFPaVcwbHk3c2RIUXE3TXM0emNMRlRJRE5BdGxiQVh4QjJzRU05dnItbGpTQUhRZXVIT2F0dXc?oc=5
2026-02-11,02:10,SHIFT AI 法人向け新サービス マ,SHIFT AI 法人向け新サービス【マーケティングコース】2025年3月4日より提供開始 - PR TIMES,https://news.google.com/rss/articles/CBMiakFVX3lxTFBnNjM2Q1BvekRGUkxHV0t1ZFRObWlPMWJRUVZEa0U1NzZrQXJ5b2VNcHdZUGs1NWNfYjFETkxSTlRCSDFJNHFONG9nTEJsVFJtdmpzUE1fYS1qUUhMamJUQmRmRVQ0RTRUamc?oc=5
2026-02-11,02:10,法人向け新規事業 体験価値創造支援サービ,法人向け新規事業 体験価値創造支援サービス 「PLUS BUTTON LABO」始動 東急リゾーツ＆ステイ「ホテルタングラム」と体験型客室「DREAM SWEETS HOME」を共創 ｜ 2022年 ｜ ニュースリリース - 森永製菓株式会社,https://news.google.com/rss/articles/CBMic0FVX3lxTFB3aXNfbUN2aWM4c18yeEQ2V3FlbW85aGQ1SkRDYzlFZ1RSdFVDblNfNjRkTXdHc041OV9KX0paR05aUVlYQ2ZwbnNJWVUzcWZJcUhTdWRPTTJpWmQ4TFVueC1jYjV1amh4OFpTMXlKS1pDejA?oc=5
2026-02-11,02:10,起業を応援する日 独立・起業支援,【起業を応援する日】独立・起業支援のアントレが新サービス開始 中小企業向け新規事業開発のスポットコンサル - PR TIMES,https://news.google.com/rss/articles/CBMiakFVX3lxTE1taGNDWHFMUm9NNTNHSUxIQVlLY014R09zdzZNVWNRVTI4dHNDdjNzREY2N2NZOWRCNVc1ZnRtenN4ekhIVWQxUWZsWmpuZkFBOUxZQjI4VFU0aXJwNUcya20yMnBuUDhsQkE?oc=5
2026-02-11,02:10,新規事業創出を加速させるプラットフォーム,【新規事業創出を加速させるプラットフォーム】東海テレビプレミアムビジネス講座「Edge」第3期申込受付中。 - PR TIMES,https://news.google.com/rss/articles/CBMiakFVX3lxTFAtRE5DRmQ0WnkwT09SaDJnTDdId21xVlRTZzJmNFNRS05sb3E0NkpsRk5qU2QwMzFtUUlsWXlSU2hCM2UydUM0bmo4bEswWDFYYVBFYm1LUFhYZWZIT1JiNm1oRTVWdDBfNHc?oc=5
2026-02-11,02:10,新規事業開発からサービス実装まで統合した,新規事業開発からサービス実装まで統合した法人向けの新たなソリューションサービスを提供開始 - Sony,https://news.google.com/rss/articles/CBMiakFVX3lxTE40MUVJcU9EdFV1MENNYlVLMGVHVWFTdjY1VWoyZVY4clZndTFiZnE0LURlNXBLelllOEg4TUdVSFFIZC1PQ1cxaTI1M1pfbnlSb0tnT241cFNvNXJwOG1KQUM5QVJuRUVEdHc?oc=5
2026-02-11,02:10,[令和7年度新規事業！]千葉市中小企業者,[令和7年度新規事業！]千葉市中小企業者採用活動支援補助金 - city.chiba.jp,https://news.google.com/rss/articles/CBMiowFBVV95cUxPSVByRE8xZEVpejB0V2g5STdST2hYYWJKMXM0WkRaeUp2MVV4S2J3aFpHMWNJbUhNMlpQdWwtZ08yRFFFOXZ1YW45endkNGFzN0N0ZC1acHVRc0RnRXNOSEI3Mk5TV1B1bXFOUG5LbVp3SkVNT3p0Ui1vRG1QUDdqWko4WjNJS3MxbVdlM1FwbktwVml3cldHRU5CeFR1emFaa1ZJ?oc=5
2026-02-11,02:10,タンプ,タンプ、総額約10億円の資金調達実施。法人向け新規事業および大丸松坂屋百貨店との協業を開始 - PR TIMES,https://news.google.com/rss/articles/CBMiakFVX3lxTFB4dHBBblhraW9ESFczZWtET3JXNElGREk5Y1lEQjd5YmpUZFo0YjM0ZmR5clFwaDJ0S2RBZEQwUkE3NXZwTFhWZm55YklZemp2TnlhMDZNV2Y0RDk1MUtuQUVkZFRQSU04a1E?oc=5
2026-02-11,02:10,ソニーグループ,ソニーグループが総力を上げ新規事業をサポート--開発から実装までバックアップ - CNET Japan,https://news.google.com/rss/articles/CBMiUkFVX3lxTE5hanRMQ2lvVk5DSlM1ZU9aY1lkaFJtM0lUX1dtWU5EMVoydGZxVURNUnNwVUxEZXNSUEt4YmdFU0JqZVdRRXl2Qmd5cHNkVFZsWXc?oc=5
2026-02-11,02:10,JTB,JTB、新事業『UniTri～ゆにとり～®』を開始、誰ひとり取り残さない“本当の多様性社会”の実現へ、株式会社JTBとジャパンラーニング株式会社で共同開発した『ゆにとり研修プログラム』販売開始 - PR TIMES,https://news.google.com/rss/articles/CBMiakFVX3lxTE5KSnJGQUllMHFvYnUzT2dGUk5BMkZxWkNDY2E5czBmUVMzcVd1RHg2YW9YLXZCR3dpUjhXekdrdFBlQkh5MElVdDhHLW01TnBLWEhienRTeFNPWEF6RFViQWN5TzJLRV9ZMnc?oc=5
2026-02-11,02:10,12月3日12:00／19:00 法人,【12月3日12:00／19:00】法人の新規事業やクロスセル商材におすすめ。今注目の通信事業に関する代理店制度を３０分で解説する無料セミナーを開催します。 - PR TIMES,https://news.google.com/rss/articles/CBMiakFVX3lxTFBzcEszT2YwdTBBTENDay03T0lrekdJSHdJMUs2b1o2Y3A1dWhuV2s4N2FOWEx1NnlhQS1BSmwwYUpmdFBESm1pR0tNTjc1c1ZCdDhSbXlTMHk1S09CZE5peUllZFJKVm5Danc?oc=5
2026-02-11,02:10,企業,企業の新商品企画・開発を支援する「Makuake Incubation Studio」が、中小企業向けのサポートメニューを提供開始〜ライトアップとの協業により、リスキリング関連の助成金活用も支援〜 - makuake.co.jp,https://news.google.com/rss/articles/CBMiRkFVX3lxTFBrQlduOVlMWHNtZDJRNmRUTHB3MmY1MDhkRy1xNk50QTFhc0V2R3loeDFhVXlreVBMSk9JTmR3bk1kMzZiclE?oc=5
2026-02-11,02:10,生成ＡＩインフラサービス,生成ＡＩインフラサービスの新規事業創出に向けた業務提携について～ＧＰＵの計算力提供を通じて生成ＡＩによるＤＸを加速～ - PR TIMES,https://news.google.com/rss/articles/CBMiakFVX3lxTE1KWFR4N08wWUtpOFNVaWF1ZTUzTEFLc2swQ1dIeUhDTnpQODFWNldIcGFZa1FxUVNMMVltaXJKWFlJZFBCdkJxamM2RU5PTkRqTnpqVGg1MUxSajR4NVBTOW5JNGZaVHhIZUE?oc=5
2026-02-11,02:10,業界初 宇宙ビジネスに関する法人研修サー,業界初「宇宙ビジネスに関する法人研修サービス」を提供開始 ～宇宙産業市場100兆円時代に向け企業の新規参入を促進、勉強会から事業化までを一気通貫で支援～ - PR TIMES,https://news.google.com/rss/articles/CBMiakFVX3lxTFAxU1ZCSlBuMHU0WkI5LTI0SVVFOV9vV1RjcWtkYmJXVDVhb0lsazIwTk10MUhMaUhGSU1HbE9Oa1B0UVBSUk1GVmxRT0ZVZGpsZFV3ajlydlh3cXY2VFptMTA0UG10ZmtLMkE?oc=5
2026-02-11,02:10,法人向け新規事業 体験価値創造支援サービ,法人向け新規事業 体験価値創造支援サービス「PLUS BUTTON LABO」始動 | 森永製菓株式会社のプレスリリース - PR TIMES,https://news.google.com/rss/articles/CBMiakFVX3lxTFAyT05MRmJUYkZjcDJ6b2NTV1AyMkFCUFNGdXFYMHpXbXJTRW4xUzN5QmtBNDNOcGdydHJjam00WkFNUXNULTctcE9WelBCRmp5NTA4X2gwQzhuSGpaSWswa3h0eDhuWVpiVnc?oc=5
2026-02-11,02:10,株式会社NewsPicks for Bu,株式会社NewsPicks for Businessを設立。法人向け事業展開を加速へ - PR TIMES,https://news.google.com/rss/articles/CBMiakFVX3lxTE81NkZiSWhwN240Smgxb0FzLXFnTjhjQkJPaTRTRWFsenBDT0FuUXp4TV9odjIwNnRhUG5hSlp6clhYNkd5b211Ym5qSlFIcl9ndGN3ZUo4dWJVeTFfdFlDaEpUYU1xSFZ1V3c?oc=5
2026-02-11,02:10,複合機から Kunkun body へ-,複合機から「Kunkun body」へ--コニカミノルタが大企業内で掴んだ新規事業開発のコツ - CNET Japan,https://news.google.com/rss/articles/CBMiUkFVX3lxTE5QTy1LbnlSZ0xFUEp1bUg1RUkwNWpKRm90S2dVX29OdlowWWRqODRBbW1KRTFtVURQTHVnUFk1REZLZXBzRFdDWW8zcUozUmJXd3c?oc=5
2026-02-11,02:10,WHILL社,WHILL社、法人向け新規事業「WHILLモビリティサービス」発表会を開催 - STRAIGHT PRESS,https://news.google.com/rss/articles/CBMidkFVX3lxTFAySUtwVkI4aC1yc2otdEZLdTNldkVBVzNMUzc0Unc0b0JySjBYZDhEck1hb1UtRjJfRU9fZnJCSXdlZTRwWGlsVENsT19uSG5vMGxjdW82cUZpTlJhbURteTJ4TmwzZklSSV9Rb2dTNGd3RXZzUUE?oc=5
2026-02-11,02:10,ソニー,ソニー、新規事業開発からサービス実装までの一連を支援するソリューションサービスを開始 - AIsmiley,https://news.google.com/rss/articles/CBMijAFBVV95cUxPMDlBVzFseVJyOGFVeUJobm9vbmRwYnhHZWs4RXBFTjRuT1dqa3FPVkhUVDM2ZC1HcjVqZ0pfOU1qbHRYZ043RXJhRHByVFhnaGxzX0VIbVp5Nms2cUM2bFM3WTdIamJGM2Q3elNEVUVMa1lsSllBSmYzQWhmb3l4TVNZTzR2RTJRdFBuWA?oc=5
2026-02-11,02:10,法人向けに 造花,法人向けに「造花のレンタル・販売」を開始 キングジムが文具納品販売を主ルートに新規事業 - PR TIMES,https://news.google.com/rss/articles/CBMiakFVX3lxTE1oMk15c28zLTVKQ0wwQmx4djZiOEZweUY1aUhGVFFBaHhiQXV6Y2VPNlpLYnFwMlgzaDJIeG1yNDdqOUx1ZC1HTFoxbnRLUjhRcjNaOUZibngtcVBFMzl5SjRYMGQ0NGNqLXc?oc=5
2026-02-11,02:10,一般消費者向け新規事業 quanp 立ち,一般消費者向け新規事業「quanp」立ち上げ、無数の小集団でチーム内の自発性喚起し開発 - 日経クロステック,https://news.google.com/rss/articles/CBMiakFVX3lxTE1EOGVsSE56WU5hdVBGX2J0YlhuM25UOENtQmxRZDVyc1cxbThDWUY4eHZQTmF2NGpkblBSWXJrUnF3c2dQaUZJMTRzcVhkNF9fTm4xSE1LazhLQ1VOTlRCU2hGdVNISmxEaFE?oc=5
2026-02-11,02:10,個人ベーカリー,個人ベーカリーの冷凍Biz活用モデルを拡大、BtoB展開を強化パンフォーユー、大阪・堺の「Pain de Singe」と提携 - PR TIMES,https://news.google.com/rss/articles/CBMiakFVX3lxTE4wR3QyNElla2lzZGZIQkpoX3o2YzJkVWxMcHdaTmd3RU12SFE3MXVGZWp6QWJOLU9BT2xsaEZvZUFQVHVGSC1WVXdrTVlFSmFteGtXRG9PM2JKa0RwMGlQUUpTTU81c2Foamc?oc=5
2026-02-11,02:10,バリュエンスジャパンおよび三井住友カード,"バリュエンスジャパンおよび三井住友カードと提携しBtoB決済サービス「Auction Pay」を提供開始 - Infcurion, Inc. - Infcurion",https://news.google.com/rss/articles/CBMiWEFVX3lxTE1iWFNqaXk5cEc5XzAwX0tBTndxb0h2d3BqcS1UejVNSTBiMmI3YnBNd0s3ODRXd1NEOENUTC0xTXhmYWRYN2FIZGNSVGxCSDVNY2RKUWR4UWU?oc=5
2026-02-11,02:10,全旅とネットスターズ,全旅とネットスターズが業務提携 宿泊施設のBtoB決済キャッシュレス化を推進 - LIGARE（リガーレ）,https://news.google.com/rss/articles/CBMiwgJBVV95cUxQQ0p0RGVvQ05PNHRadHRURndfUTlwUXBGM2dFdVJqQ0t3S0lTV21ia1hzZGppbFQ3MTIzWWtfcDk2X3pJQ21GM1ZmeW9pald2enpaVFlxT1UtSW1rVWFXalMzT0ZXTUVrMld1cEhSTlhjU3RUWHFiOXk3amg5M3ZOeWdKVW50a2FXNGFHWTA1SC1PazlLV2RsY0MwbFRSdVBOa04xQVdsZlJTZUNkNHdxQWpUZnIyMW4zZUpPdzNCZkFteW5WNXNFSmJpeXZjN1dKWVdLU0FKQy1XbmxmRzdRWnhTRG9aSDBXVnptNnpQTkd5cjdITEo1aDFFRXQ3dzB1SW1hUTdidWxZUUZEbjZPUHFTaHplbi02cVJacWJWQWhwUWtzM0psdzFUZm52cHZwZ1lhaDFGUDljUWtRb1Q4SnJ3?oc=5
2026-02-11,02:10,ゴルフ関連,ゴルフ関連のプロモーション・イベント事業等を手掛ける BtoBに強みを持つ株式会社プロモと資本業務提携 - newscast.jp,https://news.google.com/rss/articles/CBMiR0FVX3lxTE5oeW9tUFU3d0VzYlhfeGJvVkZ0Z18wb2xLNzV6cmxzT0RERTMydnhVNTAzLVdHRjVlMVYtcURPWXZQR2c1TlBj?oc=5
2026-02-11,02:10,AI Hack,AI Hack、ターゲットメディアとBtoBのAIO領域で業務提携を開始、提携に際し2月10日に共催セミナーを開催 - 時事ドットコム,https://news.google.com/rss/articles/CBMia0FVX3lxTE9pNk9TRmw4NklpUHMtWUkwazY5dzgydXVBWHlkcDVKWmJSYUxCVThQS0J3azBZdXhETlptdi03ZlhTYjhpZk9SaDk5ZldqblhMYlBxMnhqcUNUUXNObFVoWlBCNnNXMUN5N3pZ?oc=5
2026-02-11,02:10,インフキュリオン,インフキュリオン、ライフカードと提携し、BtoB決済サービス「まる投げPay by LIFECARD」の提供開始 - Digital PR Platform,https://news.google.com/rss/articles/CBMiQ0FVX3lxTE4tdHdxZHA4enFDMWw1UWUzSmYwMG1NUjBqamFXMTNCMDRhWnFxNm12TXN4R2hyZm1uUGVIc0dzRHFKVkk?oc=5
2026-02-11,02:10,新しい請求書カード払いサービス まる投げ,新しい請求書カード払いサービス「まる投げ Pay by LIFE CARD」をライフカードとインフキュリオンが提供開始 - ニュースメディアVOIX,https://news.google.com/rss/articles/CBMihAFBVV95cUxQSUg1OEthQWhWbDhjb0N0T3RUQjBMRWNqUVg1NWJxUjBpNjFJUnBzM05tZm1ZdTM3dEJpWkRhMEdXY2Y2QmVHWm10R0kwUUxTOG1PRmRGeDcyVnhPejBfRmstMGpoaXhvYnY5VERsTzVDclBndkp4X3NZUEFoNGJhZndFcmE?oc=5
2026-02-11,02:10,宿泊予約 Relux,宿泊予約「Relux」、BtoB流通のGDSセーバーと提携で、宿泊施設の世界市場へのアプローチ支援 - トラベルボイス,https://news.google.com/rss/articles/CBMiVEFVX3lxTFBGWFo4ODV2djQ2QVFNMTBHWDN3ZlFub0JSZ2N0aHVfWjhDcmwzaENHSG45SmNYaEpaRnlwSE1ZUkZ0TWZTMklLeFdzN0dNZDZ0SWM1WQ?oc=5
2026-02-11,02:10,デジタルマーケティングエージェンシーと提,"デジタルマーケティングエージェンシーと提携し、 BtoB決済サービス「ゆとりペイ Powered by Winvoice」の提供開始 - Infcurion, Inc. - Infcurion",https://news.google.com/rss/articles/CBMiWEFVX3lxTE43OWk2QUJLdzhPZjN3aXhFWlgzWjIzaGZ0T09fRGZLUm1DaHBUY1h0QWVYVzRmMmkyM0R4MjBBczFkd1BXbVNpSlRUWFlsTklma09kdXNZNzk?oc=5
2026-02-11,02:10,決済プラットフォームを提供するインフキュ,決済プラットフォームを提供するインフキュリオンとライフカードが提携 BtoB決済サービス「まる投げ Pay by LIFE CARD」の提供を開始 - PR TIMES,https://news.google.com/rss/articles/CBMiakFVX3lxTE12Wi10MzdPZ3VLRjVwcGpfbkw3dEFVVWJUODB5V21sRGNoR1Nsal9HMlFOUVhVYm9yOU9vNU9YOWx0N1hwNDQzUklHRzZJb0ZzS1oyc193TGtjM254ekdabXdaTWl4OWpDa1E?oc=5
2026-02-11,02:10,インフキュリオン,インフキュリオン、セイコーソリューションズと提携し、BtoB決済サービス「B2B Base請求書カード払い」の提供開始 - Digital PR Platform,https://news.google.com/rss/articles/CBMiQ0FVX3lxTE01VW9wZS02RnBrdF9VelhNT29zQV9PVGFKVm9pRGF3U0pUdVVVUGVwVXh2Y3hLcTIwal9YaXhrSm45ZzQ?oc=5
2026-02-11,02:10,マネーフォワードケッサイ,マネーフォワードケッサイ、株式会社インフォマートと業務提携 - 株式会社マネーフォワード,https://news.google.com/rss/articles/CBMie0FVX3lxTE43TE1LUEt2MDk3eDVWTE4zaFZCdUxEQUxtcVVnSGxDcmVXOUtsRC02VDlKUzA5MnZBeUhWX1lJejZlVzAwaXJXSVZTc2VKejVkWmxVMlg0TGg4UHAyLTRRZzJhNmRHNEFCdjlZS2ZoQTM1MVJVNENaRFJQRQ?oc=5
2026-02-11,02:10,Squad beyond,Squad beyond、フリークアウトと提携。─ 国内トップクラスのデジタルマーケティングソリューション・フリークアウト「Red for BtoB」に、配信×LPO×分析を提供。 ─ - PR TIMES,https://news.google.com/rss/articles/CBMiakFVX3lxTE4xN0V0aGdCRWtIeFcwekNiVWo1aEs0Y0o0SEtyenFLVEJnTmtiRVFfOWJHVXBtbzFwRXFucndGWmN1ZGNFSi1xTk4yVldfMVdqN2V4SEE4WUxBc2ZCWHZCcGxJWFNtSkxJbmc?oc=5
2026-02-11,02:10,Sales Marker,Sales Marker、日本経済社との業務提携により「顧客インテント」を起点としたBtoBマーケティングの再設計を支援 - PR TIMES,https://news.google.com/rss/articles/CBMiakFVX3lxTE00R25ZamU4NHR0T3NGWFNUeDlha2FBLUwzQUJWN3RQY0x6VnZUeTZ5ZUw5TEdlTzd5OGVsQzZxQ3lVcklNUW1zZS1GZWs1R0dCRFpyRnhoaEZVU0djUW1lWlVRREJWT3gyQ1E?oc=5
2026-02-11,02:10,OLTA,OLTA、中小企業向けBtoB金融サービス提供に向け、三菱商事、三菱UFJ銀行、三菱UFJニコス、ペイジェントと戦略的業務提携 - PR TIMES,https://news.google.com/rss/articles/CBMiakFVX3lxTE1hd2ZaSUtPM1F3d1A1SGRmQVI3NnNqVEgzUGhmLXpFNFpEYTRpRlF2ZkxWMVN0ZmtCYzduN0xvaDdZbDBuVjNMa0QzYlJ3UV9mckZKVS13UE1uVWkyQUJyYTI0THZMSjRHOWc?oc=5
2026-02-11,02:10,ユーソナー,ユーソナー、ログリーが業務提携契約を締結、BtoBに特化したネイティブ広告プラットフォーム「ad Sonar」の提供へ - ユーソナー,https://news.google.com/rss/articles/CBMiV0FVX3lxTE1fUnU0Z1dRSHMyNnRtcUZHcW5uSk11T1RuSUV6MzlQYjJHRVQ0R1gyOG5hYm9ManFkVm05R1pLcTZpRDFTb0tvUkNDSlRWc2xCbjgzcVFraw?oc=5
2026-02-11,02:10,バリュエンス,バリュエンス、ペイジェントおよびインフキュリオンと業務提携し「Auction Pay」の提供を開始 - PR TIMES,https://news.google.com/rss/articles/CBMiakFVX3lxTE8tVGEzak8yc0RlRDlPSWF1QTgzVUhWOHM4ZEFwMFBoNDNpemVYSElDbE1iMUtQM0ZvTWtJa2tIRFpORGVxaUtkQjBuSTVsM3Myb1Iyb0lNZ0dpdFpZdUJnVGIwNGMxMEFNZVE?oc=5
2026-02-11,02:10,インフォマート,インフォマートがJTB旅連事業株式会社と業務提携を開始 - PR TIMES,https://news.google.com/rss/articles/CBMiakFVX3lxTE5qVGtyR0FXUTJReG84aEJseE91ckVFMXZ4amd4NUdvVHp3R2tBckdETXQxenZieHFNRmQ3NTgwa1FaeHlyUVlPWnU5S1p4TVU1QmM0dWxRZ0dGQWg2eU1CUUlXZ1lhc0RRbmc?oc=5
2026-02-11,02:10,オリコ,オリコ、GMO-PGと提携し「オリコ BtoB 早払い byGMO」を提供開始 - 日本経済新聞,https://news.google.com/rss/articles/CBMibEFVX3lxTFAzeGtmdkxxc2dVRHotRWRwclVKamkyY2RVNGlQNldhYmRYTGhMVlJJM3BGZFhLUVZDSExxMXdwS21QUHV2YnEwaUFjZWlJdXFOVTlIcnpZU0VTZWtfQm0waW9yanBid1lqeUktQg?oc=5
2026-02-11,02:10,Scalehack,Scalehack、BtoBセールスインテリジェンス「Sales Marker」を提供するCrossBorder社と業務提携し、AIを活用した最先端の営業DXオールインワンソリューションの提供を開始 - PR TIMES,https://news.google.com/rss/articles/CBMiakFVX3lxTFBJYjJEZTE4dEdUVFFBdU02NUVNUjYzNS12UWhSaUNVZ1FpRmVxX1hKTlBFalZuZi1NVXdKWjBoR2FfeGVLZENWeUlsSl9ZdTQzeVBoM05oUDZkQjBTZEVMTGdyRmxnSlhySVE?oc=5
2026-02-11,02:10,マネーフォワードケッサイと提携してBto,マネーフォワードケッサイと提携してBtoB掛け払い決済サービス提供（ソニーペイメントサービス） - ペイメントナビ,https://news.google.com/rss/articles/CBMiW0FVX3lxTE1jbnBHYVFfUVVnMjM0Mm9RRzFqb0t3NTg1SHNSV3hwdFlJOVdWSjRGVDBSQmZMeVhzQmNMbHh6OTZvbFpLVGVTYW9DZ2lUMlFvQmUtQUJfdXJVX0k?oc=5
2026-02-11,02:10,JCB,JCB、ROBOT PAYMENTと提携、BtoB請求決済プラットフォーム『請求管理ロボforJCB』の販売開始 - PR TIMES,https://news.google.com/rss/articles/CBMiakFVX3lxTE9ERUljVkw4VnM1RVA1LWhCN1RsV2RzY29vRU1ZS2JTcUFFcVRxN0tEMTBqeW5zZ1cwQUxveVowWWhmOWhyOFkwaDNOX2ZPNzRGS09zV3RVbW5aLUpzRTAtTFlQOTZxRkNWQnc?oc=5
2026-02-11,02:10,Xサーバーと,Xサーバーとのパートナー提携によりウェブサイト制作のサービスを拡充 | 株式会社イノーバのプレスリリース - PR TIMES,https://news.google.com/rss/articles/CBMiakFVX3lxTE1ibGs0RGhBUkVMRVhCbUFmajNUeE50QTl5Vl9keGVrWGRuMkxPaEdHUVZDNXdWeGo2eGh1UnpqYjc1eTk5ME9pNklTdXVLVGR2aFVzN2s4TktNeXlYQ1otZzRYVnZuOHJKNFE?oc=5
2026-02-11,02:10,フィンテック領域で業務提携,フィンテック領域で業務提携、クレディセゾンとエキサイトがBtoB請求マネジメントで - 週刊BCN＋,https://news.google.com/rss/articles/CBMidEFVX3lxTE55VnRrazZQcFZDczhSNFBOZXNzcHFWRTBlR05TOC1sdnpjcnAtNnhaeFBHSEw0WjJLNThleTdGMTE5YlFzWDZ6WFAyZUE3TTIwR1BOSzh1eVpRR0gtdUQwRlFkaS1idnFRUmZ4czZURFZNdktI?oc=5
2026-02-11,02:10,アップルワールド,アップルワールド、エクスペディアと提携、BtoB向けホテル予約システムで - トラベルボイス,https://news.google.com/rss/articles/CBMiVEFVX3lxTE5DR1B2VVFVR1BDRlBPcERXT0syTV9hRW9QYnJ5NnZCWVJYZlllMzc3ZmRnQWdvczU4dzVrMHhsN1k1bXJEZmhkelNJNEV4ZnJhZ0t4bA?oc=5
2026-02-11,02:10,U-NEXT,U-NEXTが、BTOBやPENTAGON、(G)I-DLEらが所属するCUBEエンターテインメントと業務提携契約を締結。WEBTOONの映像化プロジェクトにおける日本パートナーに決定 - PR TIMES,https://news.google.com/rss/articles/CBMiakFVX3lxTE5TRmFfMTUzWHVlYjBvSmlxazRqb1FHZnByV2pDRFBtM2tydjNmYmo3SkJ4TWx6Y0lpZ1VzZlZTejdwQ0JFdTFJcjlXdWxLS214RlloSzVjN3M4cEllenlLQ3hQcW9oRDZkRUE?oc=5
2026-02-11,02:10,株式会社SNIFF JAPANと,株式会社SNIFF JAPANとの業務提携に関するお知らせ - PR TIMES,https://news.google.com/rss/articles/CBMiakFVX3lxTE15VjR5Vl96UEVsdnhrVlRPLUttaE1RM0ZDQVlSR0xMSEJoR0NCaG1FY0hSanVpUHUtanZ4QnlRVXlFdHNfZ1hmeUx5Nmo1a19uX3dGNVpWNGhKcU1oWGJpUHZMRnI5ZmtrVlE?oc=5
2026-02-11,02:10,ferret One を運営するベーシッ,「ferret One」を運営するベーシックとベイジが業務提携 - CreatorZine,https://news.google.com/rss/articles/CBMiUEFVX3lxTE1EOHZQeTFVQ1lKWF94TThSMi1DLUhOdFBVbDJYN3FSYVVhSXczcDZITkgydnV3RkczY2ZITFZGLTBhMUdIb0FFNUI4Slh5WEo4?oc=5
2026-02-11,02:10,日本経済社,日本経済社、マーケティングDX支援で独自の強みをもつKIYONOと One to Oneマーケティング事業で業務提携 - newscast.jp,https://news.google.com/rss/articles/CBMiT0FVX3lxTE4xZEljeVBoLWQtUmhURWNORjZpVnZWSTlFdUlVY3B5b2ttNjMyWVNWX25ESURRQ0R2ME9tUUNtVlRlQnNJcGQ4OUlDTTVYLW8?oc=5
2026-02-11,02:10,中国向けBtoB輸出プラットフォーム N,中国向けBtoB輸出プラットフォーム「NETSEA CHINA」リリース YeePay(易宝支付)との業務提携で外貨決済も円滑に - PR TIMES,https://news.google.com/rss/articles/CBMiakFVX3lxTFA1RUZSdFBqV093U3dGclUyYTFESVVZa0tzYkpKekhuZ3BaYlFOTG1uT05paVVrdDlDY2RLd21LbHF0M3FtWTJKSEU3emxjcHRYWlVTV2l6VVpOdGdtR1JwRTVMQ3VLeTN0dXc?oc=5
2026-02-11,02:10,BtoB卸モール NETSEA,BtoB卸モール「NETSEA」がLazadaと提携、東南アジアへの販路拡大へ - 通販通信ECMO,https://news.google.com/rss/articles/CBMiXEFVX3lxTFB6T2luNi1qbkprSW9sSDlFb0VPekFVSTA2UHpWQWxvVldKeVMtZGViandhNEtTYlBRdnFhR01McUhHa1pxU1cydy0tc3A1d3ZDOU9kTWpteXJ1VzVp?oc=5
2026-02-11,02:10,決裁者営業支援,決裁者営業支援の「アライアンスクラウド」とオールインワン型BtoBマーケティングツール提供の「ベーシック」が業務提携 - sogyotecho.jp,https://news.google.com/rss/articles/CBMiZkFVX3lxTE9HZmR3VXJNVTJUUm01U2RQTlE5S3V4SncteUJrMVQ1T1JaNzFlWXJQZU9IX21OZlFxLUcwMkFjSTZUQWRMTVZWaHNjQ3Vwb05uNWh4YnhudVI3aENyUUdKMTctejBhUQ?oc=5
2026-02-11,02:10,GMO-PG,GMO-PG、損保ジャパン日本興亜と提携－取引信用保険に加入する事業者へ「GMO BtoB早払い」を提供開始 - 日本経済新聞,https://news.google.com/rss/articles/CBMibEFVX3lxTFA0R2M4Zy05aGd0N3M1eVEwUDBsSTdNMWl6Wi13ajlkOEQwcFJyZzdwbjhmdXZNaHc0NVlQOHZfS0ZKLWVwVDRTZkFid2tWR2pfcXk3QlltcEN0SkdKR1N3eW4tNXczRmF0eDFUOA?oc=5
2026-02-11,02:10,クリエイター,クリエイターの力でサステナブルな世界を実現へ！端材や廃材を多くの事業者から集めるため国内最大級のBtoB卸モール「NETSEA」と提携開始 - PR TIMES,https://news.google.com/rss/articles/CBMiakFVX3lxTE1QT2FxTlg1Slh5eHJQZXhMNHk5aEljQU9pcWU1a1NUV3JvNzFpV2h1TVV3NUZSTU5RMTBJbGpEckV5OTY1ZGZTblJWYTVGUE5yOG5zaEZ1VmpuRFVUR2NwQXQ0MFk0LV9QeEE?oc=5
2026-02-11,02:10,アパレル専門仕入れBtoBサイト バイヤ,アパレル専門仕入れBtoBサイト「バイヤーズクラブ」、「楽天B2B」と業務提携 | 株式会社 ワールドのプレスリリース - PR TIMES,https://news.google.com/rss/articles/CBMiakFVX3lxTE1qa2ZhNm5OMzFsQkFqMUhrN2ZKUDlHZ293LURVLVhJbW52cDE3ODVGY3NkTkdDVWdzaktrZHB4bWRScDNtVE9xcG1KYkNMZFJNRDgwdDh2VnNYX0hZajZhbXVQbmFQOV92QkE?oc=5
2026-02-11,02:10,インフォマートと東神倉庫,インフォマートと東神倉庫が業務提携 社内文書管理の最適化で企業ＤＸを推進 - 物流ウィークリー,https://news.google.com/rss/articles/CBMiTkFVX3lxTE9Td2tYN0VWUlB4N2Q4RVJhSmY2TTM4TXZYalF4YVl3NE1KaDEyMmhLU2VoTC1CYkhyZjVIczVTVWZXNktiU3VmVzFya1RNQQ?oc=5
2026-02-11,02:10,インフキュリオン,インフキュリオン、AIファクタリングのバイオンと提携し、BtoB決済サービス「バイオンのカード払いくん」を提供開始 - マピオン,https://news.google.com/rss/articles/CBMiXEFVX3lxTE9FUk9ONng2UTNFdThsbXVZWTdHRVFGclZpVklQOGYwcDlwTUxtNTNGSE1QV0NqSlBXcDZwMzN0aFFIS003NXFGT2p6Z2x2ZjN5RHdJM3otYlEtb1Bn?oc=5
2026-02-11,02:10,B2B通販でCRM促進,B2B通販でCRM促進、うちでのこづち・BカートASP提携 - ECのミカタ,https://news.google.com/rss/articles/CBMiYEFVX3lxTFBuR1RIRVZacThXcHc0RzY1Z1ZaU21XSEFucEhDZ2VzNGRtekxLNGZsaU8tMGZ5ZVprbFl3Y1lkc29ZdnUtbXQzelVaWEhBLTNuVGJTY19wWm5GdGt0MzZJUA?oc=5
2026-02-11,02:10,導入事例 全国1位,【導入事例】全国1位の“断らない救急医療”を支える。 DX実現に向け、700床規模・約60部門システムの老朽化基盤を刷新 - Digital PR Platform,https://news.google.com/rss/articles/CBMiQ0FVX3lxTFBLYy1DN3ZCcDNPUDlWVmVzRTBYN0FUZHR1RlgtYUEtNjZicFY4enNRejVsM1ZOWWFuYXJxM1IxV21IQ2s?oc=5
2026-02-11,02:10,四国化工,四国化工のDX成功事例 – レディクルで生成AI導入とペーパーレス化を実現した製造業の挑戦 - ニュースメディアVOIX,https://news.google.com/rss/articles/CBMia0FVX3lxTE1jLUtxN29NWjQ1MktvZDlHRU5pYkhndUpZcUZ2ZDNTZGFQSjczQXRGbGdnSFFJV3NzUXoyc1h6TjRpcGcxWURhUjBMVXlEM09uRmJZXzVsdkVlS0NGMkY0VlRJQ2EwckE2ZEVz?oc=5
2026-02-11,02:10,DX導入,DX導入、沖縄の企業が事例を発表 2月6日、参加無料 - 琉球新報デジタル,https://news.google.com/rss/articles/CBMiYkFVX3lxTE40X1hYNzdsSmVBTzJyM0hzWkxOOGdLOGFqZ3U2TFpZVGdydWN3N1VXbTZqanpxTERIWm9LdGU3b2htLTdSbjBSWUpRc1lBeWRjSWE5c2JOTXdjaDFjVDRLQi1B?oc=5
2026-02-11,02:10,2030年問題とは？企業,2030年問題とは？企業が抱えるリスクとDXによる解決策・導入事例 - NTTドコモビジネス,https://news.google.com/rss/articles/CBMiYkFVX3lxTE5YMHRaaEdxYW5DWTducl9pem15RGx0UnN1alA1Tng0N21WQTNCT2ZfVXUweVNfZ3VVa1BUSUVSSmFKR0Jzc3lidnM3Rm53aFcxZ0ZjbXpBUHlyMjRReEJ0WVl3?oc=5
2026-02-11,02:10,導入事例公開 DSSを基準にTOPPAN,【導入事例公開】DSSを基準にTOPPANホールディングス全社員のDXスキルを可視化ーSTANDARDが伴走支援 - PR TIMES,https://news.google.com/rss/articles/CBMiakFVX3lxTE1fQkt2dFFjSFZVZjY2WTc5MWxOenRtSHlpbDBZVFNVbllSR3pIRFdXZHlsMWprdU14Y1pYa2ZRWEVVMFdZc0FkNkZVcUxqTFJCNFVfYlpJZ1BIZDdsNW9qT3RKTFpSVXFOb1E?oc=5
2026-02-11,02:10,地域銀行,地域銀行のDX推進を加速！ 株式会社東邦銀行様「LiveOn シリーズ導入事例」を公開 銀行内×対顧客のオンラインコミュニケーションを一元化 - newscast.jp,https://news.google.com/rss/articles/CBMiR0FVX3lxTE9LcnhhMXVYSGdHcG1sd09LYTBSZVdScUt5VXV3c2NSSWo4QXJhamlEMkVyRC1rUkpaQVoxUDhLN1NraUpGVXkw?oc=5
2026-02-11,02:10,ＤＸ導入事例学ぶ 宮崎市で中小向け入門セ,ＤＸ導入事例学ぶ 宮崎市で中小向け入門セミナー - 宮崎日日新聞,https://news.google.com/rss/articles/CBMia0FVX3lxTE5rNjkwVmIxQk14alFpUFZzaFE1RzFQdXlMdjRHOWlkSUdlbnFDTmNkclZEM1B3THZQTFAyTTJZZUYtajJ6TEgtTndHaXAtbUxwem1QdXA5bHNKTld3SUZDcHJQMG1DVXRSaHFR?oc=5
2026-02-11,02:10,DX導入,DX導入、沖縄の企業が事例を発表 2月6日、参加無料 - 47NEWS,https://news.google.com/rss/articles/CBMiS0FVX3lxTE1GMWZKUldwNXBOZUQ0Qmg5VVJ2SWdHeHpEVThPN1p6aXdjdG56aF94bDM3c1JTdGVhSlQ2S1pBMzBwYmVDRlYyblA0Zw?oc=5
2026-02-11,02:10,アジア圏初,アジア圏初の「Microsoft Entra External ID」導入事例、日本における軸受のパイオニア企業日本精工が挑む、事業DXのかたち - Microsoft,https://news.google.com/rss/articles/CBMikwFBVV95cUxQMER2SDJzOWotOUt5QzYwNThJVHpTV3pYNTJEcnExdXl2UzlzeFZiRVJwV3prNk9yMnAyMkxfMEdtY0ZPVUVtbmdKRGtTdUlZbWFpUFVxRGNFZl82U1FzWHJhWHlVeU02WWp0aWlJNjYyTmJFWGRfVUlWU25KLUhOVG9IcTZtSldnNXhLeTBwRWY3dDg?oc=5
2026-02-11,02:10,DX導入,DX導入のヒントに/県内企業4社が事例発表/愛知県 - 建設通信新聞,https://news.google.com/rss/articles/CBMiWEFVX3lxTFA3NlZpTUxHR1IwNmdMdTZYZnY2NFNMa3BIb0VXLWx1dmRLNU9uRzVGUGpvY0t6ajR0YnhrbTE4ZjNRWVpWR182Tkx4RkR4OTFwUUp2NU9QLTM?oc=5
2026-02-11,02:10,導入事例 自動車部品メーカー,【導入事例】自動車部品メーカーがDX推進に向け全社ネットワークを再構築。 ERP導入を契機にWi-Fi環境を刷新し、属人化と外部ベンダー依存を解消 - Digital PR Platform,https://news.google.com/rss/articles/CBMiQ0FVX3lxTE5sOEw5MnlyZTh6THduQWFGTTlXcHNtR2FnSTM4ekZNT2VySTViTUlnSjZGXzZaOXZiT1hFZmExLVk3Q2M?oc=5
2026-02-11,02:10,DX,DXが遅れがちな建設業のリモートワーク・データ共有を支える『LTE over IP®』サーバー 岩崎工務店での導入事例を公開 - PR TIMES,https://news.google.com/rss/articles/CBMiakFVX3lxTE1MZDRtS2VNVGdLamlad0p2QVh3QllsRUNlRjZtc05oZ3pnWWxJdTRGNm9jc3VrNWg5UmFRNE1GalNPTmMyUEZQZnVHYi1yYXlVSjVjRWs0bV90Sl9fVUZ5SjZLSGY4SWJXaWc?oc=5
2026-02-11,02:10,導入事例公開 住友金属鉱山,【導入事例公開】住友金属鉱山、部門横断の「DX人材ネットワーク」構築 ― STANDARDが伴走支援 - PR TIMES,https://news.google.com/rss/articles/CBMiakFVX3lxTFB1VGF1TllGcGJMRDYtZ1NLVFZkb09IaFJSZHNQSDI0Q0ZsdG5tRWNaWnQ5Vk4xQWVERE5CaUFUUENfajMyY3A5S3hhckdZZlVZcU5iOUFZSlJsdzZjTWc4WE43c3BCY2tZaWc?oc=5
2026-02-11,02:10,導入事例 クリエイトエス・ディー,【導入事例】クリエイトエス・ディー、薬局受付AIエージェントを導入 お戻り患者の待ち時間を約3分短縮、現場で「なくてはならない存在」に - PR TIMES,https://news.google.com/rss/articles/CBMiakFVX3lxTE55UXZIcjZEaG13NkpMVlZyd2hMNDNhRm5VS1lscXhnckpfLUdMTXI4QkFqY1VkaFpMcjcwYW1vVUtXM2M5WFZvS25vM1NjQ05TLXJOaFN3ZU93RV9WZU44dHAtaTdSZ3F1anc?oc=5
2026-02-11,02:10,調達,調達の真価は「売上貢献」。自動車部品製造の啓愛社が挑む、競争優位を築く調達DXへの取り組み〜リーナー導入事例を公開〜 - PR TIMES,https://news.google.com/rss/articles/CBMiakFVX3lxTE5WdmduNXZ0VXJ2T25iRnRfR2tUTHc4eWh4Y0g5SEFRdkJPc1IxWmlaV0dwUmtlVGxmSGpvSV9vN0NnSi0tWEhwZGJRUVpWUHZ5cXNPcm1wNnJnMHg4a084R0h2V1FyM2NxdGc?oc=5
2026-02-11,02:10,銀行DX事例 広島銀行,"【銀行DX事例】広島銀行がDX Suite 導入により、住宅ローン仮審査申込書のデータ入力業務を効率化― 年間2,380時間の工数削減を実現 - PR TIMES",https://news.google.com/rss/articles/CBMiakFVX3lxTE91TmZTVk9aLWpfd01FUnVZVi1uWE8teFNpTUx5dkhDXzdGV2EwV2JPZFpPOVJldHJXNkVQVDZtM0Ria2tSSTZnbWlnMHh6aXFPeTVsazQ5cEh6eFp1YVlFaVVWT2F6Q0twdEE?oc=5
2026-02-11,02:10,2025年を代表するSaaS導入事例を表,2025年を代表するSaaS導入事例を表彰 「SUCCESS STORY AWARD 2025 byデジタル化の窓口」受賞企業を発表 - PR TIMES,https://news.google.com/rss/articles/CBMiakFVX3lxTFB4QmFXSWVYWHR2QUpuSndYaGNMUFJEbldqLXU3ajgxZGlvaU5WUTdBOTV2Z2ZyM0ZlU2lueHgwd0l5LVVzY1p3UndtcWFCa1hqQjh0S1BubExFTlVVVnh4NVNXc21SUjhOLXc?oc=5
2026-02-11,02:10,イルシル 導入事例（DX部門編）を公開 ,"【イルシル】導入事例（DX部門編）を公開 ― 資料作成時間1/3、年間1,400万円のコスト削減を実現 - PR TIMES",https://news.google.com/rss/articles/CBMiakFVX3lxTE93NTBzOE5IN1k2cUlMdk5fN1pHZzk2eHh0c0ZWY1FyR1BzLUJqb1ppS2FkNGNWejVCaGZGYXZORVUtdS15UlZmS1RCNWVXR1pIemZELXota0tSUElrZkhIUWVweE1iNVpuV3c?oc=5
2026-02-11,02:10,導入事例 『kintone』と標準連携で,【導入事例】『kintone』と標準連携できるCMS『おりこうブログDX』、株式会社ナンシン（製造業）への導入で業務負荷の軽減を実現した事例を公開 - PR TIMES,https://news.google.com/rss/articles/CBMiakFVX3lxTFBuT0tQVmVZNjhtYUpDS3dYSVQyemhQTExwaU9nYU1waFZvc18wOEUxTUxBUVBBNkhRdUpqTjQwS2d0TDVoVTdmREtZYlV2cERhRVctajFtU3hrckpqN3hyZXg2bjlWVEJ5alE?oc=5
2026-02-11,02:10,導入事例公開 住友金属鉱山,【導入事例公開】住友金属鉱山、部門横断の「DX人材ネットワーク」構築 ― STANDARDが伴走支援 - 産経ニュース,https://news.google.com/rss/articles/CBMie0FVX3lxTE9LdnF1YkVpZklRcVdaTUlHQnl6YXZYcHpoVEtCSE9iUnJ0NmRvTi1MZWFuNWtnbUMxelJjQlVMYWE1MjVYeklqMC04Sy01ZjN5ZVNPZVktRnhtaW5SUElTR1RhZEdCZUpKb1djU2p0N1A2dTZnSjVVcDYtMA?oc=5
2026-02-11,02:10,AI・DX 導入後,AI・DX 導入後の“定着化”を解明するウェビナー開催 - PR TIMES,https://news.google.com/rss/articles/CBMiakFVX3lxTE5NbjM5Tl9sbDEwb2R6aUExdVFRdlNSTk1xU3pOdE1kOGhmZ2F4ZEo1WGJPWHdDRVRyTW1Cbm9pZVluWVBodDNjYjlQUzJtUUZjOTktYmd5ZW45MVFNTlN4RWFpMEMycUdlY3c?oc=5
2026-02-11,02:10,Galileopt DX導入事例：株式会,Galileopt DX導入事例：株式会社ミロク情報サービス 様 給与計算から給与明細配付 年末調整申告など業務全体を MJS製品の活用でDX推進 [PR] - BOXIL,https://news.google.com/rss/articles/CBMiQkFVX3lxTE1GRllYYnVWMi1IZ0RBSUtNR3N6Q2JoN1RqYlllb2kwTGNBclRtUldhUmtnNEI0YnVSdUVDclVhSDhIZw?oc=5
2026-02-11,02:10,導入事例 安定したネットワーク基盤で医療,【導入事例】安定したネットワーク基盤で医療DXをテーマにした学会のハイブリッド開催をサポート - Digital PR Platform,https://news.google.com/rss/articles/CBMiQ0FVX3lxTFBGUXgwcFZEcDBfbUxMeWhyak9mRDBXVXBfQndDZ2phbmZpYk5FZUNwVjhkZkV2WGRheHhPYVBCU05Fa00?oc=5
2026-02-11,02:10,estie,estie、不動産DXが進む西日本エリアでのサービス導入事例を公開 - PR TIMES,https://news.google.com/rss/articles/CBMiakFVX3lxTE9ONlFRUVJKVFpHTVZ1VkFmckdrSi11VWNlUUVqZ25NQjl4LUFDdHdmUkxxVmdGdm5jbUU2b0otQzJRWHkyZ3pWZVF6NkFqNnR5bktkOGtUX0lmVXNvQ3dyaHVSR2szd1F2Rmc?oc=5
2026-02-11,02:10,『プロワン』,『プロワン』、業界別導入事例集を公開――営業・現場・経営をつなぐDXで生産性向上を実現 | 株式会社ミツモアのプレスリリース - PR TIMES,https://news.google.com/rss/articles/CBMiakFVX3lxTE9pcWRIZDRfYVFXcWFsYXFFekZmNHZTLUk1VEhwWUFBdkFLSWJMOHFGeGdzQjFMQ2NqOXRuSGRkMnU0WDIyU2VhZlBfV1BqUFo2eXk4WVBuWjJnUkFrV0ZTaFZtVnFnRXNLZXc?oc=5
2026-02-11,02:10,も,ものづくりDX基盤導入で改善活動をスピードアップ！ Innovation Factoryに向けた取り組み事例: イベント・セミナー - NEC,https://news.google.com/rss/articles/CBMiWkFVX3lxTE5GMHNCYW85dzJfZjlvQWZxbnlTSlA3TFBmVDVLTk9UQjF5Q1hTdDRmemZSc0k2WWZjQnFBa25wN3N3TXpHZGNFaThFd1k0T2ltSkh3T2dwdjBGZw?oc=5
2026-02-11,02:10,EduLab,EduLabのAI-OCR「DEEP READ」、パートナー連携による導入事例が 「SUCCESS STORY AWARD 2025」現場DX部門を受賞 - PR TIMES,https://news.google.com/rss/articles/CBMiakFVX3lxTE1CVVZBYUdWOFdfeGZKdk5PamZOWEJXR1EwVXNYTkNwalE4YmU5eVZNLWxFVDFYNTc1Ny0tZ1h5d1BibXF2MkRrZW5fRUZrTmNhT0NqOTVTaFBiTGYxLTBNRW9HMlFudG9oZlE?oc=5
2026-02-11,02:10,株式会社東郷製作所様導入事例：導入から１,株式会社東郷製作所様導入事例：導入から１年。デジタルの力で変わる工場──東郷製作所の挑戦と成果 - macnica.co.jp,https://news.google.com/rss/articles/CBMiZkFVX3lxTFBKdWxQOWVHQzZYNW1GY3kwbHMwLVEwYnpQd0p5RUtxRjNlcFd0UVlQZldhd2dXZGlULWRjNnBhcWJRZ0dKbUMtOU1nU0N0S0Q0SzVGMXFVbEdadVpId3hBZE14X2ExQQ?oc=5
2026-02-11,02:10,物流DX,物流DXの現場は甘くない！MOVO Berth 30拠点導入で直面した4つの課題とその打開策 - 株式会社Hacobu,https://news.google.com/rss/articles/CBMiS0FVX3lxTE5MMXFnaHRfbXhWZU9iM25MWk5iSVFYeGNCMjNNVmlEaHJTQXIybDZrZ0xIVVZFNEhEV1BKVktESFpHNEQ5RXJ6V043NA?oc=5
2026-02-11,02:10,中部電力グループ様: 導入事例 - NE,中部電力グループ様: 導入事例 - NEC,https://news.google.com/rss/articles/CBMia0FVX3lxTFBKZXZENVRFRFZXcnBZWloxbWtsWFpDbm9CcnF3QV9lRkVaX3l2eGNFRnU3dXROeTRsaVZRRVFjRS00MTc5Uzg4TFZYY0l1M2pjenA4TVNYRVY1dktzRUxlYUZiMHVEVkw4QnRV?oc=5
2026-02-11,02:10,リコー,リコーがAI活用で需給調整DXの実証開始、2030年までに業務工数3割削減目指す：製造IT導入事例 - MONOist,https://news.google.com/rss/articles/CBMib0FVX3lxTE41c3hOcVowdEpEZENMcFRDdWk5ZzB4R1Z2RnkxU3dIaldvRGdlNlpVdkhKRHp4ZmZoa0FjeFUwcUFpM2hPMlFXU3NVVllub1hKbDRfVWUwYThGVGhRdGNCVEhDenc2aTA4V2s4UmJOOA?oc=5
2026-02-11,02:10,導入事例：工場DX,導入事例：工場DXの基盤としてWi-Fi環境を強化。移動中も通信が途切れず、取引先との円滑な電話対応が可能に。 - PR TIMES,https://news.google.com/rss/articles/CBMiakFVX3lxTE9WSUJFTjhvMC1FalNaWkJMb2VHQmlEY2JvRlJQb0VsRmtjUWZVRjBpQ0ZWeldfVVUtUGRMZHBMY0x6ekNHRUw2SGV2X0YxblU3OEFPcWNranhqS1UzUWlmU2xqUGk5QWJkN2c?oc=5
2026-02-11,02:10,導入事例 リスト代 1件50円,【導入事例】リスト代「1件50円」の常識を覆し、CPA 1万円以下を達成。営業支援のプロ集団「Tsumiki Tech」が選ぶ、コスト破壊のAI営業DX - PR TIMES,https://news.google.com/rss/articles/CBMiakFVX3lxTE9faENKOXBGd1N6blZXXy1BUGViREx3Y1huUjA0OVN4ejVyZkhlVDJyTXBjMjhQMmdybmYwTVljalZEVEMyMnlCWjZXS09qbjBRUDlCYy1ZRU1YbVNlV0s4YnVsbjhhaU5vSFE?oc=5
2026-02-11,02:10,Magic xpi Cloud Gate,Magic xpi Cloud Gateway導入事例：株式会社トリドールホールディングス 様 DXを支えるデータ連携プラットフォーム 会計処理と人事異動の時間を短縮 [PR] - BOXIL,https://news.google.com/rss/articles/CBMiQkFVX3lxTFBwdHVtN2o1cWRrdVY5ajc3enBXOFcwTDFFbGlKVzhfUVNZRmV5WmFGMU5lTndnUjkybXBwQ3FfWDRjdw?oc=5
2026-02-11,02:10,FA業務DX事例 Crowe Watan,【FA業務DX事例】Crowe Watanabe CT、データスニッパー導入により転記・確認作業時間を最大40%削減 - PR TIMES,https://news.google.com/rss/articles/CBMiakFVX3lxTE8yUDNqWEtyWXFHT1psai1PYVZDVXh3Z255MER4bXctejhOZ280eXFMQURqQVE4OTZQNmI2X3EtdC10SE9yTzlvR0hhb1dmV2tLb0xiQm0tak9rdy1XeS1LTVZ6ZVpDOG9acVE?oc=5
2026-02-11,02:10,導入事例 リンプレス,【導入事例】リンプレス、地図業界大手ゼンリンのDXを牽引する「伝道師」育成に向けた独自プログラムを提供 - PR TIMES,https://news.google.com/rss/articles/CBMiakFVX3lxTE5pdW02ZjRscm44LXc4dnBCMFlHamF0c3pzRUJuekN6LWhzRnZpcXRpRzhHa1dYWjVGcDBGU0d4UU02MkRROFNhTHdGQy03WFJkSzV4UVlpRmRWaWNyQUIxaVpOTWRxeUo0c3c?oc=5
2026-02-11,02:10,導入事例公開 物流DXツール LIFTI,【導入事例公開】物流DXツール「LIFTI」導入で事務作業を80%削減 - PR TIMES,https://news.google.com/rss/articles/CBMiakFVX3lxTE5zMjAwcS1DVmh2RkYwNjFCaEdqQU8tRGZpd1JfYWRqVXhqUG9aUnFxaC1iV0Z4SkhwVjFmOGlOekdjdnRfSE5ScmtFdWRrQTF5TkpPNDk0N1F0SDRzT3BGTWsxcVhSU3lOOWc?oc=5
2026-02-11,02:10,Sharing Innovations導,【Sharing Innovations導入事例】建設現場DXを推進するネクストフィールドのSalesforceを中心としたデータ活用を支援 - PR TIMES,https://news.google.com/rss/articles/CBMiakFVX3lxTE94OFotVERQbFh1WFhkRl9ONFB3aWZzVGUyVE5qZ0d4SFI2clFxYUh4NDdzbmIyTzR1dVFkOWhaSG9lLUl6UFExTzJUb2JfQzR6MUJYNXIxR3Rrc2RHVkRDLVlBU1FQX2lLakE?oc=5
2026-02-11,02:10,導入事例 『kintone』と標準連携で,【導入事例】『kintone』と標準連携できるCMS『おりこうブログDX』、株式会社ナンシン（製造業）への導入で業務負荷の軽減を実現した事例を公開 - 西日本新聞me,https://news.google.com/rss/articles/CBMiVkFVX3lxTE5VV25UWVQtc2tVWkgwM25VRmRnNjg0WGRObGItUDdnX1M1LWxkOWV0dkgzOFNTaS13MERLRVNoV29MOGFVSUxzSkdRd1hVYmp1WkRSMXpB?oc=5
2026-02-11,02:10,ホテル,ホテルのDX導入にお悩みの方をサポート！客単価1.5倍の事例を紹介 無料共同ウェビナー開催｜2025年11月26日（水） - PR TIMES,https://news.google.com/rss/articles/CBMiakFVX3lxTFAxSE9vMEw4bkxRbGFNcUxZeFRvRjE5WjhTQnR6QUFCMWJ6Y0RsVjNyUUV3YkIwNHNjNjNRNWgzWENaTWFaY2V4N1FJb180OXl1TDFKSTU0V1lGYmJETFpUUU5UWFpYUVhVbFE?oc=5
2026-02-11,02:10,導入事例 公清企業,【導入事例】公清企業が名刺管理・営業支援ツール「ホットプロファイル」を活用し、DX推進を実現 - PR TIMES,https://news.google.com/rss/articles/CBMiakFVX3lxTE04X2dWMnpBYkRDRjhIV1pNU1RNb01vYlNCbUFHXzIxNjJYTDVDbVFaVC1OTEotMlFhUDFKR0hrdllkblNBYWk1Y1lydGZxLUg5MjloaUFpUkpyS0FYMm5STnFYVm9xOU9sQVE?oc=5
2026-02-11,02:10,兼松,兼松、介護の現場を変える在庫管理DX「KG ZAICO」導入事例を公開 クラーチ・ファミリア西新宿で業務効率化とコスト削減を実現 - PR TIMES,https://news.google.com/rss/articles/CBMiakFVX3lxTFBVWkw5VkVFRjB1b24xQXJfU25CR3NLY1VyaEpfRDRBUW5hRGo0ZkNabWU0YVZaSEI1blhja3BaeHNwT2gxN3QtelBYdW5ZTXVtejh4X1cwTVl1VTFyT3FDX1dKTFliQVg3Q1E?oc=5
2026-02-11,02:10,マツダ,マツダのDX基盤に富士通のプラットフォームが採用、全社のデータ連携でDXを支援：製造IT導入事例 - MONOist,https://news.google.com/rss/articles/CBMib0FVX3lxTE95OGw2V0k0c3V4Z3F0UnJFYzl6ck9UQWxxdmFEeXFxcUtOSUVmbDZWdVZZMmhmSGk0X2xySERsMEszY1FnNmdseEdGbXJzV29SZXR1SlRrTmg2V2tEN3hqVm42WEdmZHFBRUFyYk0ydw?oc=5
2026-02-11,02:10,11/21開催・参加費無料  導入しただ,【11/21開催・参加費無料】「導入しただけで終わらせない」病院DX - PR TIMES,https://news.google.com/rss/articles/CBMiakFVX3lxTE9FNmk4M2Rrck9fcFJUUTZTelc3THRlZ1VoQ0xfdnNRRWI2UkVwMHMxZFlyOENHZUgxQ3Q4ZU5PVmMzQnpTd2ttOVhKbDlBOGI1eklBbnI3Q252eEJqVTdPWFpyUml1WURLR0E?oc=5
2026-02-11,02:10,導入事例 光研化成株式会社（大阪府守口市,【導入事例】光研化成株式会社（大阪府守口市）にて「ドキュパカ！受注AI」を導入 ― 中小企業の業務効率化と製造業DXを支援 - PR TIMES,https://news.google.com/rss/articles/CBMiakFVX3lxTE5fUV9TYWJiSm9PQ3ZydlNvQlJ0YXlyRWVyQk5KWllvOEFjeHBWVVFLSG5uVWlLUzAxMXd2d1ZRbURPRWRlSm5FcHVVSFZvWGhPZEVxV0g1ZnVNR0d6RFRRaHctRWtFSjBSc1E?oc=5
2026-02-11,02:10,導入事例：日本赤十字社茨城県支部乳児院に,導入事例：日本赤十字社茨城県支部乳児院にて、施設内全域でWi-Fiが利用可能に。DXで保育の質・業務効率を向上 - PR TIMES,https://news.google.com/rss/articles/CBMiakFVX3lxTFB2TFAtUmtrSl85Q3hvZmFtcUx5S3VKQmRLRlJMOENjVlBFZk1QNVBvVGVfUm1sd3JQNEJRdEwxaDdOQWtBaG81ekJqbmxPLVRsOGlYS3hYZjVZWmctV01UYzdTUlhQTl91RGc?oc=5
2026-02-11,02:10,日本製鉄,日本製鉄、DX を加速。Microsoft 365 Copilot を戦略的導入し、段階的拡大で生産性と効率化の成果を最大化 - Microsoft,https://news.google.com/rss/articles/CBMiogFBVV95cUxQRVpwTno3TWY4QmpmZE5taHluQWY0WExkb3BZUjVSUktQX21UOWJNZzdER2h5aUpPeGdWV1JOaW9uUjQzNE5mTEVPV1NPUnQ1VVByOHIzUVlvcnpHVHBzdWRhMnlYNXAxT0RsSVM5VTFuNVNFaHdqMHViQndVSU1TbHZ5aE83RXpIV2s0Z3dpYWFHSE16TzZmS3hCUHlFYkd0UHc?oc=5
2026-02-11,02:10,導入事例 半年間成果ゼロから,"【導入事例】半年間成果ゼロから、アポ単価6,000円台を実現。株式会社Simcleが「AIアポろうくん」で描く、高コスパな営業DX戦略 - PR TIMES",https://news.google.com/rss/articles/CBMiakFVX3lxTE5jUzNIY2poOFNmVWxzaWJYMF9wREpIelZuSVktODFsX0hmSzFhOHlMZDZuSHRBZ3ZLWlJxT0M0MDdrZklhWHl3OW9tazc4ZTJqeHczVGViWXJuTXVqRDJ3UldGUG4yUGdBTXc?oc=5
2026-02-11,02:10,秋田県 | Google Workspa,秋田県 | Google Workspace | 導入事例 | 公共 | 法人向け - ソフトバンク,https://news.google.com/rss/articles/CBMidEFVX3lxTE96Y1RxekJTTzA2SzJFUVFabDRoeGxFdW03c3FHY2VCRFlPRXZ1UEhvTE1MaDdkNzVFVjZZY0FmbXQ4a3NvcEdyZVZkY2ZFNjZxWUxYVUpiMmVtQ1Uxb2N4UjEzQzBDTkMzY3ZCMW5HdTItNzJo?oc=5
2026-02-11,02:10,STUDIO ZERO（スタジオゼロ）,STUDIO ZERO（スタジオゼロ）が提供する伴走型行政経営DXサービス「.Gov（ドットガブ）」、藤沢市ホームページ・CX課題発見ソリューション導入事例公開のお知らせ - PR TIMES,https://news.google.com/rss/articles/CBMiakFVX3lxTE5iZkdMVHl2NUJqZnQ4Zl9NanBLdkRpYmYwNV92b2tqcllHQWp0RWtBc0wzamVKc3IycF9hQkVuNi1QbjR4WjZ3QzVNSHkxTzdXeER0dWV5WnNYTGFocEtqVFB5MU1WTVBHbXc?oc=5
2026-02-11,02:10,DX推進施策としてMOVOを導入！待機削,DX推進施策としてMOVOを導入！待機削減および庫内業務「100名×2時間」のコスト削減 - 株式会社Hacobu,https://news.google.com/rss/articles/CBMiSkFVX3lxTE1Xbml3UTBUMWNBY1JWVHJGbm9vY19LS1B2dGVHRF80dnRad2JiNk9uZ1h4WkctYU1fb1pkQlptUENkUlpXMktxUFd3?oc=5
2026-02-11,02:10,兼松,兼松、クラウド在庫管理ソフト『KG ZAICO』最新導入事例を公開 日本精工株式会社、石部工場が実践する在庫管理DX：設備停止リスクを最小化した最新事例をご紹介 - PR TIMES,https://news.google.com/rss/articles/CBMiakFVX3lxTFB5SUUtcU9wNXlYRG15c0E0Mk51ZUlNNzJFVk84bkNtamg5Mm9SZ1kyTnUxNV9lcnpVVExtSHYxeC1VTUNiVmR5eGJOSjNJVDNpdUR6OVNzdEhnYkJXY3JBNFdIOExNdE02T1E?oc=5
2026-02-11,02:10,導入事例 リンプレス,【導入事例】リンプレス、九州食品卸最大手ヤマエグループの「全社員デジタル人財化」に向けた取り組みを支援 - アットプレス,https://news.google.com/rss/articles/CBMiT0FVX3lxTE5ONlVyRlIwaHdBNTNwQm9MMG1ZWnpzWXozU1pDQlEyMkdTc1VHRTQwbHE4MXd0bXpjNm5IdDM4Umt6NEh0MEpiWDZ4a2RuT1E?oc=5
2026-02-11,02:10,zaico導入事例 ”オランダせんべい”,【zaico導入事例】”オランダせんべい”の酒田米菓が、在庫管理DXで棚卸差異を95％削減！ - PR TIMES,https://news.google.com/rss/articles/CBMiakFVX3lxTE8tN3B6MjVrRmlUWS1hX0tBUkJVQVNuQUpaN3J4a3R3WkhNX1Aza2d3QTNwU2F0dEhCVWtiSGExSnd4d3lReC1ZTHdFVWJnRkZkUVpCY0ZweS1rTTdYNUFDVmNYWHFfbmFyR2c?oc=5
2026-02-11,02:10,NEXT GIGA・校務DX実現 ネット,【NEXT GIGA・校務DX実現】ネットワークリプレースのポイントを導入事例も交えてご紹介 －第120回教育委員会対象セミナー・東京に参加－ - Digital PR Platform,https://news.google.com/rss/articles/CBMiQ0FVX3lxTFBWVm5aWmpfbjZ2UjA1ZEJhVkVlTG9rblY3RTNXbnpGNDNHempqTnp1YktzRXB2emxydGFCMzlRWWloeVE?oc=5
2026-02-11,02:10,プレス金型製作メーカー,プレス金型製作メーカーが製造現場DX基盤を導入し、現場から経営まで見える化：製造IT導入事例 - MONOist,https://news.google.com/rss/articles/CBMib0FVX3lxTFBVVDJlLWlwQklRRk1DUXB5UUMyNWNTYzNleFNDbU02b0ZFMF91c0hXelpaQXdwR2RqWl83S2hpd3JPTjZRQjRFQS0tWFJFVmpQVTc2YmdXZnhBVVhrV2pUSUVkUzVyRm1PRG93VkxPSQ?oc=5
2026-02-11,02:10,清掃業界におけるDXとは？取り入れるべき,清掃業界におけるDXとは？取り入れるべき理由や導入までの手順を紹介 - irisohyama.co.jp,https://news.google.com/rss/articles/CBMiZkFVX3lxTE0talBXOXFwazVTTFVqRnpGWE1raTdQenNQVzctSGl3ZVNRd0Z6dU8yMmFBSmRnNmZ1SXVXN2lwVFFjY24wVEw1d241SW96SDBXejc2LXdRTmVUVWhRb2dVUnkxSjViZw?oc=5
2026-02-11,02:10,導入事例 コスモサミット,【導入事例】コスモサミットが名刺管理・営業支援ツール「ホットプロファイル」を活用し、営業DXを実現 - PR TIMES,https://news.google.com/rss/articles/CBMiakFVX3lxTE0yRWVHUkViQU9lV1ZNdzY2TUNjSEpqcDNhVThHcTh0S1NwNWRWV0Z1ODVGc1lFckhYVFc0aS02b3JMWjJ3MzhrU2lxZFNYYjhwblJzYUhlbHZaWXVUejNXY0xvQk1TNWwxTkE?oc=5
2026-02-11,02:10,PR MADS／小売店,【PR】MADS／小売店の販促を支援する資料を公開、「ウエルシア」「マルエツ」のDX導入事例も - 流通ニュース,https://news.google.com/rss/articles/CBMiUEFVX3lxTE5fUm94Z0FDMnN1SEE4dGxfRU9YVDhZUkdqMHRDRDROTmVsOTJhTERGcGRrS2o3R241LTVkZHdjanRBbk81MXA5ZE5YZUJJRnhL?oc=5
2026-02-11,02:10,IoT/DXプラットフォーム『MEEQ』,"IoT/DXプラットフォーム『MEEQ』がアカウント数8,000件を達成し、広がる導入事例の可能性 - ニュースメディアVOIX",https://news.google.com/rss/articles/CBMia0FVX3lxTFBrZDA4Rmp0MWM2ZkhuQTh0bHliclBhc052WHkzdWppZUlZaENjcnFvYmRVc1lmdF9BSW1IRXBYYU9TM2JuNXBoekpXY201cVV1ZmVDTzNZVldpcVFCeHZnNjI5WTVPT0FGVG1B?oc=5
2026-02-11,02:10,導入事例 クリエイトエス・ディー,【導入事例】クリエイトエス・ディー、薬局受付AIエージェントを導入 お戻り患者の待ち時間を約3分短縮、現場で「なくてはならない存在」に - tv-tokyo.co.jp,https://news.google.com/rss/articles/CBMia0FVX3lxTE9hWlZUb055bmF1Z3lhRWV1ZXFlelQtYjRKOU5DWURMemY5dkV4S2pKcXVlSGRJYkVVM0JFamp0N1BCUkZRLU1kV1IxM3BJeGVlNGd2VDlwSU9mSWluQkktZmlOY0Z3aHNlenNJ?oc=5
2026-02-11,02:10,社用車管理サービス,社用車管理サービスの導入により働き方をアップデート!業務のDX化で、より厳密な検査運用と効率化を両立! - DNP 大日本印刷株式会社,https://news.google.com/rss/articles/CBMiZ0FVX3lxTFBTbDdvOUpIRHRXSjhRa0MwZzRJUXhWNld2T0ZHcGhXNUZqa19fUndHR2VGWml0V05mM3ZCVjIxdHU5T1lXUS1ERnFyQ0t5czlVbEN4QzJCRU5YUDhfd1B6NmpTZl9fVFE?oc=5
2026-02-11,02:10,兼松,兼松、クラウド在庫管理ソフト『KG ZAICO』最新導入事例を公開 三菱自動車工業株式会社、水島製作所の在庫管理DX最新事例：工具4万点を効率的に管理するための秘訣をご紹介 - PR TIMES,https://news.google.com/rss/articles/CBMiakFVX3lxTFAybE5jTWFVRGVnNllsbVNKbUgzSVJZWGxZN0JLTklnQkxodmJvdWlWemhKZll4cW05VEg2RlltbC1kalZTRzc4T1ZxeDBEZHh0ZVFpZHp6YkRaYkNVVW1wSzl3UThMNEp4M1E?oc=5
2026-02-10,10:00,他家iPS細胞由来角膜上皮細胞シート,「他家iPS細胞由来角膜上皮細胞シート」の治験開始に関するお知らせ,https://prtimes.jp/main/html/rd/p/000000001.000177741.html
2026-02-10,10:00,バックオフィス業務をAIで再構築する 実,バックオフィス業務をAIで再構築する「実践Claude研修プログラム」を開始ー株式会社コンダクト、次世代の経営管理・コーポレート人材を育成,https://prtimes.jp/main/html/rd/p/000000005.000149020.html
2026-02-10,10:00,スポーツ・子育て,スポーツ・子育てのあり方を、地域クラブ×家庭×社会で再構築する「BWクルー制度」2026年2月10日スタート,https://prtimes.jp/main/html/rd/p/000000001.000177730.html
2026-02-10,10:00,Non-FIT再エネ発電所開発プロジェク,【Non-FIT再エネ発電所開発プロジェクト続報】2024年度開発計画41件を完了、第41号機が運転開始,https://prtimes.jp/main/html/rd/p/000000194.000033609.html
2026-02-10,10:00,ゼットスケーラー,ゼットスケーラー、SquareXを買収しAI時代におけるゼロトラスト ブラウザー セキュリティを強化,https://prtimes.jp/main/html/rd/p/000000105.000055108.html
2026-02-10,10:00,株式会社グリーンメチル,株式会社グリーンメチル、Omi Japan株式会社との資本業務提携およびCTO取締役にチャン・クォック・ズン氏を迎えることを発表,https://prtimes.jp/main/html/rd/p/000000004.000126627.html
2026-02-10,10:00,VALOFE,VALOFE、新作戦車アクション『Armored Frontline: Warzone』本日より全世界同時で正式サービス開始！,https://prtimes.jp/main/html/rd/p/000000121.000155525.html
2026-02-10,10:00,防御型AI資産運用システム ZERO を,防御型AI資産運用システム「ZERO」を提供開始,https://prtimes.jp/main/html/rd/p/000000006.000175097.html
2026-02-10,10:00,freee経費精算,freee経費精算、経費申請の内容をAIが自動で推測し作成する「まほう経費精算」を2月16日より提供開始,https://prtimes.jp/main/html/rd/p/000002006.000006428.html
2026-02-10,10:00,ソフトバンク,ソフトバンク、JR西日本光ネットワークおよびJR九州電気システム、鉄道沿線の光ケーブルを活用したイーサネット専用線サービスで協業開始,https://prtimes.jp/main/html/rd/p/000001086.000037933.html
2026-02-10,10:00,多様なAI開発ニーズに対応する『XSer,多様なAI開発ニーズに対応する『XServer VPS』、自律型AIエージェントとして注目を集める「OpenClaw」アプリイメージの提供を開始,https://prtimes.jp/main/html/rd/p/000000245.000076849.html
2026-02-10,10:00,BAK2025採択企業 トモイク×江ノ島,BAK2025採択企業 トモイク×江ノ島電鉄による AI子育てサービス『gotogoto（ごとごと）』の実証開始,https://prtimes.jp/main/html/rd/p/000000027.000108540.html
2026-02-10,10:00,HQ,HQ、日本生命保険相互会社との業務提携を強化,https://prtimes.jp/main/html/rd/p/000000168.000089608.html
2026-02-10,10:00,RightTouch,RightTouchが提供する「QANT Web」、高精度な施策を効率的に出すための「AIアシスタント機能」を提供開始,https://prtimes.jp/main/html/rd/p/000000071.000098678.html
2026-02-10,10:00,クラウド工場管理システム MENTENA,クラウド工場管理システム「MENTENA」、設備保全計画を中長期で俯瞰する「長期保全計画」を提供開始,https://prtimes.jp/main/html/rd/p/000000050.000161767.html
2026-02-10,10:00,TD SYNNEX,TD SYNNEX、AI搭載・27型オールインワン ビデオコミュニケーション端末「DTEN D7X 27」を取り扱い開始,https://prtimes.jp/main/html/rd/p/000000172.000034623.html
2026-02-10,10:00,フーバー・クロステクノロジーズ　SASE,フーバー・クロステクノロジーズ　SASE/ゼロトラストセキュリティ導入のための技術・伴走支援「FXTプロフェッショナルサービス」提供開始,https://prtimes.jp/main/html/rd/p/000000096.000018682.html
2026-02-10,10:00,NewsPicks for Busine,"NewsPicks for Businessの強化、および企業内新規事業を推進する新SaaS開発を目的とした、株式会社アルファドライブの株式取得（子会社化）に関するお知らせ | お知らせ | 株式会社ユーザベース - Uzabase, inc.",https://news.google.com/rss/articles/CBMibkFVX3lxTFBpai1wWno2WWp5N1F1YWd1alVWQ1R2dzV0LXczYW5OdXJFVDU0OG9PRzRJQTFaVHVNQzJyZEtOaHU3UU9RNV9KYnNXRkNJdjF2eDZVazhCOHpKaXBOSE5mbnBFLWc2bGxCUmZ0c2xR?oc=5
2026-02-10,10:00,インターファクトリー,インターファクトリー、BtoB向けWeb支援のイントリックスと提携 デジタルコミュニケーションを一気通貫サポート - 日本ネット経済新聞,https://news.google.com/rss/articles/CBMiVEFVX3lxTE9WLXNEZXRoV0pYcjJINktianItZlhpdjZxQlNUd1pwTkRvN1hpWmwzdFJONjNEMWZ3YkRfZHA1ekZxYU9iQjVBVWhRN1pzN2dUczg0Tw?oc=5
2026-02-10,10:00,BPaaSで生成AI搭載,BPaaSで生成AI搭載の企業法務ALSP「クラウドリーガル」の導入事例が「SUCCESS STORY AWARD 2025 byデジタル化の窓口」のガバナンスDX部門でAWARD受賞 - PR TIMES,https://news.google.com/rss/articles/CBMiakFVX3lxTE9MNHlwbC1BUjJRTC16MWhqSHhGNlZiNkppeFBuYmpsWkw5VnViaFE2dmZVNXF4cVEzM2pYakxVWngySG5XQTVhczRfM1ZpN3ZLR3VfZ0hNT2VvdmFNSTZlZ29adWFyUmFhdFE?oc=5
2026-02-10,10:00,株式会社仙台銀行 | ConnecTal,株式会社仙台銀行 | ConnecTalk ＆ PHONE APPLI PEOPLE | 導入事例 | 金融 | 法人向け - ソフトバンク,https://news.google.com/rss/articles/CBMie0FVX3lxTE1SOThDOUV2SDYwLVZCSjROZTE2aHdjeWlnVWw2d3FaV3p1Zjg2LURibTRqbVJfbFp3LVdlSnlVbnBOdW1uTHZxdUUyMTlQckFDYzNLTjBTbHlaLXl3WVRyNmRGSWd0XzE4TkZ1YU4tcGZaRVR3NXQ3TEFVZw?oc=5
2026-02-10,10:00,製造業DXとは？導入,製造業DXとは？導入の進め方と4つの成功事例をご紹介 - ブレインパッド,https://news.google.com/rss/articles/CBMic0FVX3lxTE1HeXcwTy0zeGF0d1Q4ZDU1RTNFdWNBX29LOUxMazBNMW80SnpQMW96WlJodjN5TGpfdjRjcHhhc28tSUFVckQ0eHk5NFd1MEhJRzJCVnZOVmNGU0J4WERsQ0JHUF9scWE2a0RYUHRRejdXUm8?oc=5
2026-02-10,10:00,建設・不動産業界AI導入事例カオスマップ,建設・不動産業界AI導入事例カオスマップ 2025を公開！用途やAIカテゴリ別に全82事例を掲載 - AIsmiley,https://news.google.com/rss/articles/CBMieEFVX3lxTFBJcG1hVE45Qm9WdTRuS0RqV1JuRTd0Q0dHOHVIOTJjZ05RRlhlcFF1RHBneWhDbUFtUEw0X1hWTUUxUUpMelBNUUJLejkxYkJwb1RONm1aRGZvUXdvUGQzNm9NZ0NrSWxmS1VTUzEyZW94TExMTXJpYw?oc=5
2026-02-10,10:00,淡海医療センター: 医療施設DXシステム,淡海医療センター: 医療施設DXシステム「eyeMIRU」導入で外来患者の利便性と職員の生産性を向上 - shimztechnonews.com,https://news.google.com/rss/articles/CBMiakFVX3lxTE9uVkM5UGhDUWJqUFJZTV9SajV2TEJOQkpDcG5QOVMzMWZ4dURGN2RnNlF0Ry0zbVpDcVJsWEhWMjdoZ0R5Y1ZNVDdzWE9PWlJ3R0NLSVhRUi1JSi04a1gyd3RTZXNYMXI3MlE?oc=5
2026-02-10,10:00,サスケWorks BOXIL SaaS ,サスケWorks「BOXIL SaaS AWARD 2025」導入事例セクション行政DX部門1位に選出 - PR TIMES,https://news.google.com/rss/articles/CBMiakFVX3lxTE1xY3M0QllJWkZQcFV5TXJuUFJjVFZ3TlJfMk9BV3JVek5JNW1LbUs1TE1fbWNyS0drY1Z4UlpPX05HeGM1eVBvdVFqSWZ3NDNfeXhhcENNa1dLNWVoRE5FRjIxd2pqMjdSaFE?oc=5
2026-02-10,10:00,Mujin／自動車部品メーカー,Mujin／自動車部品メーカーの倉庫を完全自動化、導入事例公開 - 物流ニュースのLNEWS,https://news.google.com/rss/articles/CBMiVEFVX3lxTE8xd1g2Z0lIaDJ1dlUxQnpzTzREdFZyTy1fOHNJR0ctb0tmeURxRldIdFRCOUFIYjFBN09KMkxKNWo1bWVHUDdXSEQwb1JLM1Nad24zMA?oc=5
